<oor:component-data xmlns:oor="http://openoffice.org/2001/registry"
	xmlns:xs="http://www.w3.org/2001/XMLSchema" oor:name="Addons"
	oor:package="org.openoffice.Office">
	<node oor:name="AddonUI">
		<node oor:name="OfficeMenuBar">
			<node oor:name="org.exoplatform.ooplugin.webdav" oor:op="replace">
				<prop oor:name="Title" oor:type="xs:string">
					<value/>
					<value xml:lang="en">Remote Documents</value>
				</prop>
				<prop oor:name="Target" oor:type="xs:string">
					<value>_self</value>
				</prop>
				<prop oor:name="ImageIdentifier" oor:type="xs:string">
					<value/>
				</prop>
				<node oor:name="Submenu">
				
					<node oor:name="m1" oor:op="replace">
						<prop oor:name="URL" oor:type="xs:string">
							<value>org.exoplatform.applications.ooplugin:open</value>
						</prop>
						<prop oor:name="ImageIdentifier" oor:type="xs:string">
							<value/>
						</prop>
						<prop oor:name="Target" oor:type="xs:string">
							<value>_self</value>
						</prop>
						<prop oor:name="Context" oor:type="xs:string">
							<value/>
						</prop>
						<prop oor:name="Title" oor:type="xs:string">
							<value/>
							<value xml:lang="en">Open...</value>
						</prop>
					</node>

					<node oor:name="m2" oor:op="replace">
						<prop oor:name="URL" oor:type="xs:string">
							<value>org.exoplatform.applications.ooplugin:save</value>
						</prop>
						<prop oor:name="ImageIdentifier" oor:type="xs:string">
							<value/>
						</prop>
						<prop oor:name="Target" oor:type="xs:string">
							<value>_self</value>
						</prop>
						<prop oor:name="Context" oor:type="xs:string">
							<value/>
						</prop>
						<prop oor:name="Title" oor:type="xs:string">
							<value/>
							<value xml:lang="en">Save...</value>
						</prop>
					</node>
					

					<node oor:name="m3" oor:op="replace">
						<prop oor:name="URL" oor:type="xs:string">
							<value>org.exoplatform.applications.ooplugin:saveas</value>
						</prop>
						<prop oor:name="ImageIdentifier" oor:type="xs:string">
							<value/>
						</prop>
						<prop oor:name="Target" oor:type="xs:string">
							<value>_self</value>
						</prop>
						<prop oor:name="Context" oor:type="xs:string">
							<value/>
						</prop>
						<prop oor:name="Title" oor:type="xs:string">
							<value/>
							<value xml:lang="en">Save As...</value>
						</prop>
					</node>
					
					<node oor:name="m4" oor:op="replace">
                        <prop oor:name="URL" oor:type="xs:string">
                            <value>private:separator</value>
                        </prop>
                    </node>					
					
					<node oor:name="m5" oor:op="replace">
						<prop oor:name="URL" oor:type="xs:string">
							<value>org.exoplatform.applications.ooplugin:search</value>
						</prop>
						<prop oor:name="ImageIdentifier" oor:type="xs:string">
							<value/>
						</prop>
						<prop oor:name="Target" oor:type="xs:string">
							<value>_self</value>
						</prop>
						<prop oor:name="Context" oor:type="xs:string">
							<value/>
						</prop>
						<prop oor:name="Title" oor:type="xs:string">
							<value/>
							<value xml:lang="en">Search...</value>
						</prop>
					</node>

					<node oor:name="m6" oor:op="replace">
						<prop oor:name="URL" oor:type="xs:string">
							<value>org.exoplatform.applications.ooplugin:settings</value>
						</prop>
						<prop oor:name="ImageIdentifier" oor:type="xs:string">
							<value/>
						</prop>
						<prop oor:name="Target" oor:type="xs:string">
							<value>_self</value>
						</prop>
						<prop oor:name="Context" oor:type="xs:string">
							<value/>
						</prop>
						<prop oor:name="Title" oor:type="xs:string">
							<value/>
							<value xml:lang="en">Settings...</value>
						</prop>
					</node>

					
					<node oor:name="m7" oor:op="replace">
						<prop oor:name="URL" oor:type="xs:string">
							<value>org.exoplatform.applications.ooplugin:about</value>
						</prop>
						<prop oor:name="ImageIdentifier" oor:type="xs:string">
							<value/>
						</prop>
						<prop oor:name="Target" oor:type="xs:string">
							<value>_self</value>
						</prop>
						<prop oor:name="Context" oor:type="xs:string">
							<value/>
						</prop>
						<prop oor:name="Title" oor:type="xs:string">
							<value/>
							<value xml:lang="en">About...</value>
						</prop>
					</node>
																					
				</node>
			</node>
		</node>
		<node oor:name="Images">
			<node oor:name="org.exoplatform.applications.ooplugin.open.img" oor:op="replace">
				<prop oor:name="URL" oor:type="xs:string">
					<value>org.exoplatform.applications.ooplugin:open</value>
				</prop>
				<node oor:name="UserDefinedImages">
                    <prop oor:name="ImageSmallURL">
                        <value>%origin%/images/document-open.png</value>
                    </prop>
                    <prop oor:name="ImageBigURL">
                        <value>%origin%/images/document-open.png</value>
                    </prop>
				</node>
			</node>			
						
		</node>
	</node>
</oor:component-data>
